Post Date,Bank Name,Exam / Post Name,Qualification,Advt No,Last Date,More Information
24/05/2025,South Indian Bank,Junior Officer / Business Promotion Officer,Any Graduate,–,26-05-2025,Get Details
24/05/2025,SBI,Circle Based Officer     – 2964 Posts,Any Graduate,CRPD/ CBO/2025-26/03,29-05-2025,Get Details
23/05/2025,Bank of Baroda,Homeopathic Consultant     – 01 Posts,BHMS,–,07-06-2025,Get Details
23/05/2025,RBI,Banks Medical Consultant     – 13 Posts,"MBBS, MS/MD",–,06-06-2025,Get Details
23/05/2025,Indian Overseas Bank,LBO (Local Bank Officer)     – 400 Posts,Any Graduate,HRDD/RECT/01/2025-26,31-05-2025,Get Details
22/05/2025,DDStCB,Consultant     – 03 Posts,"Any Graduate, B.A",–,02-06-2025,Get Details
22/05/2025,Daman and Diu State Co-operative Bank,Cooperative Intern     – 01 Posts,MBA/PGDM,–,09-06-2025,Get Details
22/05/2025,DDStCB,Forensic Auditor,Diploma,DDSTCB/AUDIT/15/2024-25/100,31-05-2025,Get Details
22/05/2025,HPSCB,"Junior Engineer, Junior Lecturer     – 05 Posts","B.Com, B.Tech/B.E, Diploma, M.Com, MBA/PGDM",–,11-06-2025,Get Details
22/05/2025,HPSCB,"System Analyst, Junior System Analyst     – 15 Posts","B.Tech/B.E, MCA",–,11-06-2025,Get Details
21/05/2025,NKGSB Bank,"CISO, Legal Dept Head","Any Graduate, B.Tech/B.E, LLB, Any Post Graduate, LLM, MCA",–,31-05-2025,Get Details
21/05/2025,Bank of Baroda,BC Coordinator     – 01 Posts,"B.Tech/B.E, M.Sc, MBA/PGDM, MCA",–,03-06-2025,Get Details
21/05/2025,MSBL Bank,Clerk,Any Graduate,–,31-05-2025,Get Details
21/05/2025,Central Bank of India,"Counselor FLC, BC Supervisor","Any Graduate, B.Tech/B.E, M.Sc, MBA/PGDM, MCA",–,04-06-2025,Get Details
20/05/2025,Central Bank of India,"Faculty, Watchman cum Gardener     – 02 Posts","B.A, B.Ed, B.Sc, 8TH, M.A, MSW",–,31-05-2025,Get Details
20/05/2025,Bank of Baroda,Office Attender     – 01 Posts,10TH,–,14-06-2025,Get Details
20/05/2025,Bank of India,Office Attendant     – 01 Posts,10TH,–,03-06-2025,Get Details
20/05/2025,Punjab and Sind Bank,Banks Medical Consultant,"MBBS, BHMS, MS/MD",–,28-05-2025,Get Details
20/05/2025,Central Bank of India,Business Correspondent Supervisor,Any Graduate,–,30-05-2025,Get Details
20/05/2025,Central Bank of India,Business Correspondent Supervisor     – 01 Posts,"Any Graduate, M.Sc, MBA/PGDM, MCA",–,17-06-2025,Get Details
20/05/2025,Bank of India,"Faculty Member, FLC Counselor     – 02 Posts","B.A, B.Com, B.Ed, B.Sc, M.A, MSW",–,06-06-2025,Get Details
16/05/2025,Daman and Diu State Co operative Bank,Cooperative Interns     – 01 Posts,MBA/PGDM,99,09-06-2025,Get Details
16/05/2025,RBI,Banks Medical Consultant     – 01 Posts,MBBS,–,30-05-2025,Get Details
16/05/2025,AP Mahesh Bank,Clerk cum Cashier     – 50 Posts,Any Graduate,–,14-06-2025,Get Details
15/05/2025,Central Bank of India,"Office Assistant, Watchmen cum Gardner","B.A, B.Com, BSW, 7th",–,30-05-2025,Get Details
14/05/2025,Central Bank of India,FLCC Counselor,Any Graduate,–,30-05-2025,Get Details
14/05/2025,JSBL,Clerk,Any Graduate,–,28-05-2025,Get Details
13/05/2025,Bank of Baroda,FLC Counsellors     – 01 Posts,"Any Graduate, Any Post Graduate",–,27-05-2025,Get Details
07/05/2025,Punjab State Cooperative Bank,Co Option of Professional Director     – 02 Posts,"B.Sc, LLB, CA, LLM, M.Sc, MBA/PGDM",–,31-05-2025,Get Details
07/05/2025,Bank of India,"Office Assistant, FLC Counsellor     – 05 Posts","Any Graduate, B.A, B.Com, BSW",–,27-05-2025,Get Details
05/05/2025,NaBFID,Vice President     – 06 Posts,"Any Graduate, Any Post Graduate, CA, MBA/PGDM",–,25-05-2025,Get Details
05/05/2025,Canara Bank Securities,Trainee,Any Graduate,–,31-05-2025,Get Details
02/05/2025,NaBFID,Senior Professionals     – 01 Posts,"Any Graduate, Any Post Graduate, CA",NaBFID/REC/EVP/2025-26/01,25-05-2025,Get Details
23/04/2025,BOBCAPS,Business Development Manager     – 70 Posts,12TH,–,31-05-2025,Get Details
03/04/2025,BOB Caps,Business Development Manager     – 63 Posts,"Any Graduate, 12TH",–,31-05-2025,Get Details
